"","source","term_name","term_id","p_value","significant","term_size","query_size","intersection_size","precision","recall","effective_domain_size"
"1","GO:BP","trans-synaptic signaling","GO:0099537",5.17747665994719e-05,TRUE,726,182,26,0.142857142857143,0.0358126721763085,17906
"2","GO:BP","synaptic signaling","GO:0099536",8.69590583908091e-05,TRUE,745,182,26,0.142857142857143,0.0348993288590604,17906
"3","GO:BP","chemical synaptic transmission","GO:0007268",0.000166307570998055,TRUE,717,182,25,0.137362637362637,0.0348675034867503,17906
"4","GO:BP","anterograde trans-synaptic signaling","GO:0098916",0.000166307570998055,TRUE,717,182,25,0.137362637362637,0.0348675034867503,17906
"5","GO:BP","cell-cell signaling","GO:0007267",0.000783324406535993,TRUE,1699,182,40,0.21978021978022,0.0235432607416127,17906
"6","GO:BP","regulation of sodium ion transport","GO:0002028",0.00237191749750878,TRUE,86,111,7,0.0630630630630631,0.0813953488372093,17906
"7","GO:BP","central nervous system development","GO:0007417",0.0101371299234362,TRUE,1031,278,36,0.129496402877698,0.034917555771096,17906
"8","GO:BP","G protein-coupled receptor signaling pathway, coupled to cyclic nucleotide second messenger","GO:0007187",0.0228172741802558,TRUE,259,305,16,0.0524590163934426,0.0617760617760618,17906
"9","GO:BP","neuron differentiation","GO:0030182",0.0344102945453003,TRUE,1409,75,18,0.24,0.0127750177430802,17906
"10","GO:BP","modulation of chemical synaptic transmission","GO:0050804",0.0349562029342373,TRUE,456,73,10,0.136986301369863,0.0219298245614035,17906
"11","GO:BP","regulation of trans-synaptic signaling","GO:0099177",0.0356227872274909,TRUE,457,73,10,0.136986301369863,0.0218818380743982,17906
"12","GO:BP","regulation of transport","GO:0051049",0.0427436372563171,TRUE,1947,180,39,0.216666666666667,0.0200308166409861,17906
"13","GO:CC","synapse","GO:0045202",1.37060424813402e-05,TRUE,1362,131,29,0.221374045801527,0.0212922173274596,18856
"14","GO:CC","neuron projection","GO:0043005",0.000368613524187838,TRUE,1376,111,24,0.216216216216216,0.0174418604651163,18856
"15","GO:CC","synaptic membrane","GO:0097060",0.000444122043095769,TRUE,390,206,17,0.0825242718446602,0.0435897435897436,18856
"16","GO:CC","glutamatergic synapse","GO:0098978",0.000587978617727258,TRUE,368,75,10,0.133333333333333,0.0271739130434783,18856
"17","GO:CC","intrinsic component of synaptic membrane","GO:0099240",0.0014494254636222,TRUE,172,305,13,0.0426229508196721,0.0755813953488372,18856
"18","GO:CC","intrinsic component of presynaptic membrane","GO:0098889",0.00264445128051338,TRUE,84,305,9,0.0295081967213115,0.107142857142857,18856
"19","GO:CC","presynapse","GO:0098793",0.00303160281620643,TRUE,531,140,15,0.107142857142857,0.0282485875706215,18856
"20","GO:CC","neuron projection terminus","GO:0044306",0.00757094053357109,TRUE,145,305,11,0.0360655737704918,0.0758620689655172,18856
"21","GO:CC","anchored component of presynaptic membrane","GO:0099026",0.0100518896879938,TRUE,9,140,3,0.0214285714285714,0.333333333333333,18856
"22","GO:CC","axon terminus","GO:0043679",0.0120350177789775,TRUE,126,305,10,0.0327868852459016,0.0793650793650794,18856
"23","GO:CC","presynaptic membrane","GO:0042734",0.0122486224472713,TRUE,157,196,9,0.0459183673469388,0.0573248407643312,18856
"24","GO:CC","axon","GO:0030424",0.0187757701965344,TRUE,647,77,11,0.142857142857143,0.0170015455950541,18856
"25","GO:CC","whole membrane","GO:0098805",0.0247551656838742,TRUE,1694,18,8,0.444444444444444,0.00472255017709563,18856
"26","GO:CC","intrinsic component of plasma membrane","GO:0031226",0.0307067401778193,TRUE,1700,305,48,0.157377049180328,0.0282352941176471,18856
"27","GO:CC","anchored component of synaptic membrane","GO:0099144",0.0334860578760392,TRUE,13,140,3,0.0214285714285714,0.230769230769231,18856
"28","GO:CC","plasma membrane bounded cell projection","GO:0120025",0.0352118273149424,TRUE,2200,305,58,0.19016393442623,0.0263636363636364,18856
"29","GO:CC","intrinsic component of synaptic vesicle membrane","GO:0098563",0.0364679189203304,TRUE,48,305,6,0.019672131147541,0.125,18856
"30","GO:MF","channel regulator activity","GO:0016247",0.00102570278663868,TRUE,142,282,12,0.0425531914893617,0.0845070422535211,18126
"31","GO:MF","ion channel regulator activity","GO:0099106",0.00757132486619461,TRUE,119,282,10,0.0354609929078014,0.0840336134453782,18126
"32","GO:MF","sodium channel regulator activity","GO:0017080",0.0268940910971524,TRUE,35,111,4,0.036036036036036,0.114285714285714,18126
"33","GO:MF","calcium channel regulator activity","GO:0005246",0.0425503926801691,TRUE,48,282,6,0.0212765957446809,0.125,18126
"37","TF","Factor: ZBTB41; motif: TGGGCCCCCGA; match class: 0","TF:M05525_0",0.0158271890191709,TRUE,22,3,2,0.666666666666667,0.0909090909090909,19945
"38","TF","Factor: ZBTB41; motif: TGGGCCCCCGA","TF:M05525",0.0158271890191709,TRUE,22,3,2,0.666666666666667,0.0909090909090909,19945
