Gene Name,Gene Symbol,PDNDvControl_FC,PDNDvControl_pval,PDDvPDND_FC,PDDvPDND_pval,PDDvControl_FC,PDDvControl_pval,Average PDD,Average PDND,Average Control
Homo sapiens transcribed sequences,---,0.481625812,0.148662974,10.3136419,0.001666226,4.967316153,0.007717845,112.9,10.94666667,22.72857143
"Homo sapiens cDNA FLJ12210 fis, clone MAMMA1000968.",---,1.219350778,0.602444129,3.738623549,0.001077263,4.558693532,0.001130589,120.7076923,32.28666667,26.47857143
Homo sapiens transcribed sequence with moderate similarity to protein ref:NP_060219.1 (H.sapiens)  hypothetical protein FLJ20294 [Homo sapiens],---,0.940028032,0.874996685,4.577697597,0.000704549,4.30E+00,0.001034924,124.2692308,27.14666667,28.87857143
SMA3,SMA3,0.766747377,0.383018432,5.244048583,0.003143372,4.020860495,0.007721372,166.0615385,31.66666667,41.3
"B-cell translocation gene 1, anti-proliferative",BTG1,1.558423717,0.285737654,2.502748145,0.001596422,3.900342066,2.77E-06,102.7461538,41.05333333,26.34285714
zinc finger protein 198,ZNF198,1.119388441,0.833260202,3.263937156,0.009609726,3.653613524,0.009076327,103.5538462,31.72666667,28.34285714
pogo transposable element with ZNF domain,POGZ,1.285680346,0.360331516,2.826215344,0.002233412,3.63E+00,0.000890363,225.7769231,79.88666667,62.13571429
sphingosine-1-phosphate phosphotase 2,SGPP2,1.485660532,0.220496832,2.402148842,0.004245668,3.568777725,0.000220362,207.7538462,86.48666667,58.21428571
"potassium voltage-gated channel, Isk-related family, member 4",KCNE4,0.902351314,0.724505881,3.933476395,0.000104374,3.549377593,0.000437285,122.2,31.06666667,34.42857143
Homo sapiens mRNA; cDNA DKFZp761E0311 (from clone DKFZp761E0311),---,0.854846336,0.572017359,3.863133548,0.002928862,3.30E+00,0.006059869,256.1,66.29333333,77.55
histidine triad nucleotide binding protein 3,HINT3,1.184822378,0.285914282,2.655474516,0.002255602,3.146265631,0.001706588,1640.8,617.8933333,521.5071429
hypothetical protein LOC255812,LOC255812,0.980989082,0.942668805,3.107108863,0.006593091,3.05E+00,0.009924552,180.7923077,58.18666667,59.31428571
polycystic kidney disease 1 (autosomal dominant),PKD1,1.212244629,0.426220937,2.377244492,0.002146201,2.881801868,0.000651895,208.2307692,87.59333333,72.25714286
"Homo sapiens, clone IMAGE:5313609, mRNA",---,1.017417417,0.939859549,2.678895384,0.001103762,2.725554823,0.001086407,177.2,66.14666667,65.01428571
"Homo sapiens LOC283200 (LOC283200), mRNA",---,1.424554399,0.080931031,1.910033632,0.004013335,2.720946813,7.29E-05,272.6,142.72,100.1857143
"a disintegrin-like and metalloprotease (reprolysin type) with thrombospondin type 1 motif, 2",ADAMTS2,1.374053648,0.162050556,1.955376912,0.007559935,2.68679278,0.001240459,341.0307692,174.4066667,126.9285714
---,---,0.883742156,0.630818476,3.022403623,0.00207885,2.671025495,0.005611798,234.1153846,77.46,87.65
KIAA0924 protein,KIAA0924,1.340949332,0.155110048,1.947659583,0.002597014,2.611712816,0.000102768,256.3769231,131.6333333,98.16428571
KIAA1205 protein,KIAA1205,1.135479097,0.606849718,2.248894726,0.007005849,2.553572953,0.003892,115.0384615,51.15333333,45.05
retinol dehydrogenase 5 (11-cis and 9-cis),RDH5,1.044334398,0.869155362,2.38256176,0.00909791,2.488191202,0.007771541,222.5153846,93.39333333,89.42857143
chemokine-like factor super family 7,CKLFSF7,1.229657491,0.424285316,2.022749506,0.002139881,2.49E+00,7.66E-05,103.9153846,51.37333333,41.77857143
Homo sapiens transcribed sequences,---,1.191191763,0.467345821,2.040268023,0.007863414,2.430350463,0.001560757,340.5615385,166.92,140.1285714
SLIT-ROBO Rho GTPase activating protein 2,SRGAP2,0.880982456,0.729640358,2.729562138,0.003801808,2.404696356,0.005288596,114.2230769,41.84666667,47.5
"Homo sapiens, clone IMAGE:5173306, mRNA",---,1.143375403,0.519693972,2.085846319,0.0024996,2.384905375,0.000418337,103.9307692,49.82666667,43.57857143
DKFZP586A0522 protein,DKFZP586A0522,0.659127573,0.193630623,3.611883343,0.000373645,2.380691903,0.007500576,423.7461538,117.32,177.9928571
GTPase regulator associated with focal adhesion kinase pp125(FAK),GRAF,0.759773223,0.336625406,3.128229854,8.73E-05,2.376745278,0.002004681,194.6384615,62.22,81.89285714
hypothetical protein MGC15912,MGC15912,1.045024712,0.819025272,2.262663505,0.003047293,2.364539279,0.004110942,128.7153846,56.88666667,54.43571429
"Homo sapiens, clone IMAGE:4703872, mRNA",---,1.169448834,0.526210761,2.012417759,0.003501741,2.35E+00,0.000596058,117.0153846,58.14666667,49.72142857
Homo sapiens transcribed sequences,---,1.315446702,0.12226882,1.720591809,0.008086221,2.263346821,0.000199627,174.2615385,101.28,76.99285714
"Homo sapiens, clone IMAGE:5441133, mRNA",---,0.980212014,0.930365104,2.285785591,0.003449372,2.240554499,0.004416161,126.8153846,55.48,56.6
"Homo sapiens cDNA FLJ39766 fis, clone SPLEN2000307.",---,0.855694693,0.610527495,2.597560976,0.001017334,2.222719141,0.007241274,106.5,41,47.91428571
zinc finger protein 451,ZNF451,1.11069243,0.673948142,1.999178656,0.003457881,2.2204726,0.00174909,361.9846154,181.0666667,163.0214286
Homo sapiens mRNA; cDNA DKFZp686C17101 (from clone DKFZp686C17101),---,0.964526729,0.872188735,2.287557719,0.003539474,2.206410565,0.0079693,131.0923077,57.30666667,59.41428571
"Homo sapiens cDNA FLJ41454 fis, clone BRSTN2011597",---,1.228944905,0.35024531,1.784437411,0.003182882,2.192975264,0.000270294,1739.969231,975.08,793.4285714
phosphoserine phosphatase,PSPH,0.983881936,0.923665999,2.224641629,0.000548648,2.188784714,0.000603402,297.3307692,133.6533333,135.8428571
"Homo sapiens cDNA FLJ11924 fis, clone HEMBB1000343.",---,1.068014669,0.798839111,2.046537062,0.002806525,2.185731604,0.00108167,367.5307692,179.5866667,168.15
chromosome 6 open reading frame 9,C6orf9,0.934157105,0.838108821,2.334147334,0.009384691,2.18E+00,0.005220818,105.8769231,45.36,48.55714286
aryl hydrocarbon receptor,AHR,1.238290357,0.331344442,1.748648317,0.003646902,2.165334348,0.001206984,218.9307692,125.2,101.1071429
ubiquitin specific protease 28,USP28,0.939039099,0.733239082,2.304044323,2.68E-05,2.163587705,0.000189696,310.9384615,134.9533333,143.7142857
Homo sapiens transcribed sequences,---,1.022402824,0.920330785,2.113914638,0.001709743,2.16E+00,0.000248618,125.3692308,59.30666667,58.00714286
"Homo sapiens cDNA FLJ42688 fis, clone BRAMY3002120",---,1.176001473,0.351224995,1.82232253,0.000764438,2.143053979,0.000135648,193.9923077,106.4533333,90.52142857
uncharacterized hypothalamus protein HT009,HT009,1.352382604,0.038833549,1.581240047,0.007264488,2.138441532,0.000365715,176.1923077,111.4266667,82.39285714
trafficking protein particle complex 3,TRAPPC3,1.186808454,0.034591206,1.786730714,0.001186099,2.120507117,0.00021623,497.0923077,278.2133333,234.4214286
Homo sapiens transcribed sequences,---,0.866078168,0.572164016,2.447404214,0.000640875,2.119643358,0.001851042,157.7923077,64.47333333,74.44285714
"caspase 6, apoptosis-related cysteine protease",CASP6,1.207630893,0.423327066,1.750029978,0.007125446,2.113390266,0.000843801,179.6230769,102.64,84.99285714
Wiskott-Aldrich syndrome (eczema-thrombocytopenia),WAS,1.201775336,0.450615399,1.749790437,0.003771314,2.10E+00,0.000171292,251.5615385,143.7666667,119.6285714
v-akt murine thymoma viral oncogene homolog 2,AKT2,1.03805047,0.866531235,2.011242011,0.003464829,2.087770715,0.004899852,120.5538462,59.94,57.74285714
"Homo sapiens cDNA: FLJ21289 fis, clone COL01938",---,1.262402221,0.156839201,1.64875526,0.005379369,2.081392302,0.000417559,157.1153846,95.29333333,75.48571429
"Homo sapiens cDNA FLJ25090 fis, clone CBL08887",---,1.225833873,0.285674915,1.696178788,0.006652475,2.079233413,0.000247926,298.1769231,175.7933333,143.4071429
homolog of yeast Tim50,TIM50L,0.821639568,0.421755395,2.52156662,0.0006691,2.071818909,0.00644422,101.0307692,40.06666667,48.76428571
ubiquitous tetratricopeptide containing protein RoXaN,RoXaN,0.99350087,0.967122744,2.080160373,0.000289878,2.066641141,0.000423999,121.5923077,58.45333333,58.83571429
Homo sapiens transcribed sequence with strong similarity to protein ref:NP_078795.1 (H.sapiens)  hypothetical protein FLJ13725; KIAA1930 protein [Homo sapiens],---,0.995876568,0.987467518,2.040966856,0.003847132,2.032551067,0.003573849,250.4538462,122.7133333,123.2214286
Homo sapiens full length insert cDNA clone YZ88E12,---,1.13053365,0.462002686,1.772254666,0.003309154,2.003593536,0.000295361,524.4692308,295.9333333,261.7642857
hypothetical protein MGC3329,MGC3329,0.840243372,0.335193295,2.372862474,0.000279467,1.993781968,0.000926955,131.0769231,55.24,65.74285714
G protein-coupled receptor 6,GPR6,1.093354934,0.560760829,1.823495343,0.000178089,1.99372763,0.000173497,158.2307692,86.77333333,79.36428571
KIAA0690 protein,KIAA0690,0.914634221,0.772386377,2.140302752,0.006773111,1.957594139,0.006698082,152.8461538,71.41333333,78.07857143
tubulin-specific chaperone d,TBCD,0.972733463,0.819532625,2.005502789,0.00016746,1.950819672,0.000644381,532.1,265.32,272.7571429
"replication factor C (activator 1) 5, 36.5kDa",RFC5,1.042974321,0.760708871,1.869621471,0.001036934,1.949967184,0.001355089,112.6384615,60.24666667,57.76428571
Homo sapiens transcribed sequence with moderate similarity to protein ref:NP_055301.1 (H.sapiens)  neuronal thread protein [Homo sapiens],---,0.785522133,0.31799366,2.470495258,0.000478023,1.940628704,0.007417399,132.2538462,53.53333333,68.15
"Homo sapiens cDNA: FLJ20953 fis, clone ADSE01979",---,0.996992788,0.985286389,1.939097971,0.001011264,1.933266692,0.001123443,405.9307692,209.34,209.9714286
"beta-1,3-glucuronyltransferase 3 (glucuronosyltransferase I)",B3GAT3,1.195984671,0.305285105,1.60237579,0.008890882,1.916416883,0.00120787,134.5461538,83.96666667,70.20714286
N-myristoyltransferase 2,NMT2,0.948443412,0.792836313,2.015477382,0.002852982,1.911566246,0.009718858,211.6923077,105.0333333,110.7428571
"cyclin-dependent kinase inhibitor 2C (p18, inhibits CDK4)",CDKN2C,1.049971115,0.743763149,1.818474236,0.000247017,1.909345421,0.000369273,220.3384615,121.1666667,115.4
Homo sapiens full length insert cDNA clone ZE12B03,---,1.126031448,0.30653924,1.692579821,0.000169108,1.905898107,1.86E-06,972.8384615,574.7666667,510.4357143
"protein kinase, lysine deficient 2",PRKWNK2,1.102728055,0.577230499,1.725246563,0.004204046,1.902477788,0.000604624,152.5923077,88.44666667,80.20714286
"Homo sapiens LOC202400 (LOC202400), mRNA",---,1.247025706,0.15647688,1.521060443,0.009585705,1.90E+00,5.82E-05,182.8923077,120.24,96.42142857
"Homo sapiens, clone IMAGE:4819084, mRNA",---,0.947764416,0.688538239,1.994604173,4.92E-05,1.890414858,0.000310094,102.1769231,51.22666667,54.05
"Homo sapiens hypothetical gene supported by BC011766 (LOC348795), mRNA",---,1.003071507,0.986040529,1.874415352,0.00146978,1.880172633,0.004444171,101.7307692,54.27333333,54.10714286
hypothetical protein FLJ11323,FLJ11323,1.050606231,0.722777492,1.77986224,0.007122461,1.86993436,0.007173621,213.3461538,119.8666667,114.0928571
hypothetical protein FLJ38771,FLJ38771,1.160439747,0.268330749,1.60312981,0.00551938,1.860335552,0.001095157,624.9,389.8,335.9071429
similar to RIKEN cDNA 1110002C08 gene,MGC9564,1.009327442,0.942691891,1.830140676,0.003329172,1.85E+00,0.002950346,188.1384615,102.8,101.85
serologically defined colon cancer antigen 33,SDCCAG33,0.962155176,0.747743504,1.916318465,0.00197311,1.84E+00,0.003111168,1521.684615,794.0666667,825.3
---,---,1.080183112,0.616279719,1.70302912,0.000649819,1.839583295,0.000674256,165.5230769,97.19333333,89.97857143
KIAA1627 protein,KIAA1627,0.815052411,0.39328034,2.254646686,6.03E-05,1.837655217,0.008638303,125.2230769,55.54,68.14285714
hypothetical protein MGC13114,MGC13114,0.989336769,0.949443534,1.85518987,0.001138913,1.835407552,0.000708941,142.4538462,76.78666667,77.61428571
"ribosomal protein S6 kinase, 90kDa, polypeptide 5",RPS6KA5,1.150095464,0.190643628,1.589286218,0.002538259,1.83E+00,0.000602745,462.7153846,291.1466667,253.15
"Homo sapiens cDNA FLJ32956 fis, clone TESTI2008161.",---,1.119749648,0.619917414,1.614332868,0.005865932,1.80764866,0.003748538,125.1538462,77.52666667,69.23571429
Homo sapiens transcribed sequence with moderate similarity to protein ref:NP_064622.1 (H.sapiens)  MOST-1 protein [Homo sapiens],---,1.164583946,0.425002714,1.548771565,0.00883075,1.803674501,0.000246101,131.3461538,84.80666667,72.82142857
nuclear receptor interacting protein 2,NRIP2,1.107996702,0.471284164,1.627840909,0.000915444,1.803642359,0.00135176,171.9,105.6,95.30714286
"phosphatidylinositol-4-phosphate 5-kinase, type I, alpha",PIP5K1A,1.124601744,0.550189157,1.603760561,0.007872467,1.803591925,0.00096493,178.7230769,111.44,99.09285714
hypothetical protein MGC4126,MGC4126,1.028813423,0.866346631,1.749709023,0.00158959,1.800124129,0.001475527,213.5461538,122.0466667,118.6285714
hypothetical protein FLJ21272,FLJ21272,0.994105783,0.976942163,1.800426553,0.005225255,1.789814448,0.009408977,141.5615385,78.62666667,79.09285714
numb homolog (Drosophila)-like,NUMBL,0.93267011,0.702643864,1.913626754,0.003366766,1.784782475,0.008456813,3408.692308,1781.273333,1909.864286
hypothetical protein FLJ33718,FLJ33718,0.794088791,0.119142579,2.244199584,1.12E-07,1.782093734,5.47E-05,138.3923077,61.66666667,77.65714286
"Homo sapiens cDNA FLJ14392 fis, clone HEMBA1003166.",---,1.052641528,0.668527077,1.688435488,0.000722434,1.777317312,0.000728979,599.9461538,355.3266667,337.5571429
CDC42 effector protein (Rho GTPase binding) 3,CDC42EP3,1.103443114,0.487238865,1.609930114,0.002666666,1.776466298,0.00141971,203.4307692,126.36,114.5142857
Homo sapiens clone 23618 mRNA sequence,---,0.976363127,0.921665118,1.81828642,0.000235866,1.78E+00,0.00487254,166.1307692,91.36666667,93.57857143
histone methyltransferase DOT1L,DOT1L,0.997015644,0.98880548,1.776880183,0.005977064,1.77157734,0.008389562,140.2076923,78.90666667,79.14285714
transcription factor Dp-2 (E2F dimerization partner 2),TFDP2,1.043464102,0.73192812,1.696582364,0.005438321,1.77E+00,0.004933766,248.5153846,146.48,140.3785714
Homo sapiens transcribed sequences,---,1.120605187,0.441938813,1.569895451,0.00228745,1.759232986,0.00011273,174.4153846,111.1,99.14285714
ret finger protein 2,RFP2,1.037814907,0.713260979,1.693493054,0.000220554,1.76E+00,0.000138194,353.1384615,208.5266667,200.9285714
perforin 1 (pore forming protein),PRF1,0.98785527,0.951200064,1.778217324,0.005701633,1.756621355,0.002089221,119.6384615,67.28,68.10714286
Homo sapiens transcribed sequence with moderate similarity to protein ref:NP_060265.1 (H.sapiens)  hypothetical protein FLJ20378 [Homo sapiens],---,1.1230124,0.489313103,1.556909787,0.003119635,1.748428996,0.000520845,136.9769231,87.98,78.34285714
Homo sapiens transcribed sequence with weak  similarity to protein ref:NP_060265.1 (H.sapiens)  hypothetical protein FLJ20378 [Homo sapiens],---,1.049127611,0.75440546,1.662714686,0.00122404,1.744399887,0.000534073,118.3076923,71.15333333,67.82142857
hypothetical protein FLJ39599,FLJ39599,1.147461571,0.347607657,1.518876573,0.003290766,1.742852499,0.000286634,271.0384615,178.4466667,155.5142857
"Homo sapiens cDNA FLJ42788 fis, clone BRAWH3007129",---,1.138600423,0.2690396,1.530659114,0.006627877,1.742809115,0.001565718,133.3,87.08666667,76.48571429
tetraspanin similar to TM4SF9,DC-TM4F2,1.069268985,0.678345772,1.629139479,0.007221498,1.741988317,0.001219586,245.4461538,150.66,140.9
Homo sapiens transcribed sequence with moderate similarity to protein ref:NP_286085.1 (E. coli)  beta-D-galactosidase [Escherichia coli O157:H7 EDL933],---,0.968153885,0.867813928,1.79441339,0.002565955,1.737268295,0.007074013,113.7538462,63.39333333,65.47857143
Homo sapiens transcribed sequence with weak  similarity to protein ref:NP_054848.1 (H.sapiens)  PRO0478 protein [Homo sapiens],---,0.746880095,0.155008184,2.295052939,0.000284588,1.714129357,0.008515394,385.5076923,167.9733333,224.9
transcript expressed during hematopoiesis 2,MGC33894,1.073927197,0.589551053,1.59395774,0.005266828,1.711794568,0.001618981,165.2615385,103.68,96.54285714
"solute carrier family 29 (nucleoside transporters), member 3",SLC29A3,1.005674358,0.967700068,1.693025754,0.006217708,1.702632588,0.005295592,143.8846154,84.98666667,84.50714286
ADP-ribosyltransferase 3,ART3,1.081271741,0.621355048,1.57286493,0.007449017,1.700694402,0.001098883,166.4615385,105.8333333,97.87857143
ribosomal protein L28,RPL28,1.080966431,0.619856283,1.568837122,0.006283434,1.695860265,0.000765441,283.2692308,180.56,167.0357143
ubiquitin specific protease 3,USP3,1.066273955,0.738366022,1.589825561,0.009963552,1.695189589,0.005370057,102.7769231,64.64666667,60.62857143
Homo sapiens mRNA full length insert cDNA clone EUROIMAGE 26539,---,1.005855856,0.972219353,1.680813439,0.006279476,1.690656041,0.003651826,160.8538462,95.7,95.14285714
transmembrane protein SHREW1,SHREW1,1.115912006,0.462313925,1.50571211,0.006222056,1.68024222,0.000973456,121.6615385,80.8,72.40714286
ribonuclease P (38kD),RPP38,0.899070222,0.567709556,1.862870755,0.004927957,1.674851623,0.00377604,506.0923077,271.6733333,302.1714286
"Homo sapiens, clone IMAGE:5192259, mRNA",---,0.912898585,0.642875149,1.830194036,0.001326208,1.670781545,0.002297746,152.0769231,83.09333333,91.02142857
"transcription factor 7-like 2 (T-cell specific, HMG-box)",TCF7L2,1.043538064,0.710246083,1.596191899,0.000106542,1.665687004,7.09E-05,2296.292308,1438.606667,1378.585714
"E2F transcription factor 4, p107/p130-binding",E2F4,1.04902247,0.735951933,1.58287581,0.001130382,1.660472292,0.00055737,219.4076923,138.6133333,132.1357143
Homo sapiens transcribed sequence with weak  similarity to protein ref:NP_060265.1 (H.sapiens)  hypothetical protein FLJ20378 [Homo sapiens],---,1.066652325,0.621379241,1.5519819,0.009710932,1.66E+00,0.001156208,659.5923077,425,398.4428571
endothelial and smooth muscle cell-derived neuropilin-like protein,ESDN,1.090196304,0.499034176,1.516425838,0.001776907,1.653201844,0.000558282,410.2538462,270.54,248.1571429
chromosome 5 open reading frame 4,C5orf4,1.031187506,0.848463949,1.602975606,0.000951612,1.65E+00,0.000578711,283,176.5466667,171.2071429
KIAA1970 protein,KIAA1970,0.954108918,0.664416127,1.728940739,0.002896426,1.65E+00,0.004800118,196.3846154,113.5866667,119.05
macrophage migration inhibitory factor (glycosylation-inhibiting factor),MIF,0.938698381,0.674354375,1.750780753,0.002488561,1.643455058,0.009985577,177.6692308,101.48,108.1071429
Ras protein-specific guanine nucleotide-releasing factor 2,RASGRF2,1.039253812,0.746339175,1.57903914,0.004194066,1.64E+00,0.00293193,188.0846154,119.1133333,114.6142857
"potassium large conductance calcium-activated channel, subfamily M, beta member 4",KCNMB4,1.010611621,0.934618101,1.622848199,4.34E-05,1.640069248,9.30E-06,817.2230769,503.5733333,498.2857143
PC4 and SFRS1 interacting protein 2,PSIP2,1.041566429,0.738237787,1.564260875,0.001182239,1.63E+00,0.001416328,199.3076923,127.4133333,122.3285714
"HIV-1 Tat interactive protein, 60kDa",HTATIP,1.013037853,0.946390633,1.605736094,0.004449178,1.626671444,0.006360329,329.2615385,205.0533333,202.4142857
"splicing factor, arginine/serine-rich 14",SFRS14,1.010218978,0.941861747,1.610123018,0.009719671,1.626576829,0.006731175,167.1307692,103.8,102.75
HSPC042 protein,LOC51122,0.974538579,0.859496505,1.665970147,0.00037434,1.623552178,0.000275131,188.0769231,112.8933333,115.8428571
pellino homolog 2 (Drosophila),PELI2,0.968176203,0.808945587,1.67647532,0.002819538,1.623123509,0.009616481,128.2615385,76.50666667,79.02142857
"potassium voltage-gated channel, delayed-rectifier, subfamily S, member 2",KCNS2,0.955951029,0.764148795,1.697390872,0.004047403,1.62262255,0.003598329,122.4384615,72.13333333,75.45714286
Homo sapiens transcribed sequence with weak  similarity to protein ref:NP_060312.1 (H.sapiens)  hypothetical protein FLJ20489 [Homo sapiens],---,1.066741942,0.577161958,1.51224365,0.000628912,1.613173728,0.000212953,224.5076923,148.46,139.1714286
Homo sapiens transcribed sequences,---,1.006908382,0.954953146,1.598035529,0.006792333,1.609075369,0.008076762,540.4769231,338.2133333,335.8928571
ribosomal protein S27 (metallopanstimulin 1),RPS27,1.041147631,0.773443866,1.536988296,0.004282772,1.600231723,9.77E-05,3424.061538,2227.773333,2139.728571
mevalonate kinase (mevalonic aciduria),MVK,1.037932249,0.78897776,1.54026749,0.007175795,1.598693299,0.003026519,378.3307692,245.6266667,236.65
"sodium channel, voltage-gated, type VII, alpha",SCN7A,0.970658349,0.854991984,1.645491398,0.001525507,1.597209964,0.005265274,102.4153846,62.24,64.12142857
HMT1 hnRNP methyltransferase-like 1 (S. cerevisiae),HRMT1L1,1.045637517,0.513211761,1.522234125,9.28E-05,1.591705111,6.61E-05,835.8384615,549.0866667,525.1214286
BTG3 associated nuclear protein,BANP,0.901926598,0.552195361,1.763639608,0.000283485,1.590673471,0.005153361,912.3307692,517.3,573.55
Homo sapiens transcribed sequence with weak  similarity to protein ref:NP_054848.1 (H.sapiens)  PRO0478 protein [Homo sapiens],---,0.986197917,0.918225172,1.600046211,0.00298361,1.57796224,0.001002834,138.5,86.56,87.77142857
anaphase promoting complex subunit 5,ANAPC5,0.926371585,0.546506303,1.689461748,0.004626386,1.57E+00,0.009512038,136.3846154,80.72666667,87.14285714
hypothetical protein MGC4248,MGC4248,0.946754919,0.554053062,1.639761879,0.000117965,1.552452625,0.000493791,611.5,372.92,393.8928571
programmed cell death 4 (neoplastic transformation inhibitor),PDCD4,0.982365025,0.859509672,1.57954461,0.00211074,1.55168938,0.007382751,185.2384615,117.2733333,119.3785714
"eukaryotic translation initiation factor 2C, 2",EIF2C2,0.856715856,0.396366999,1.807148312,0.000260271,1.548212613,0.006648335,137.1384615,75.88666667,88.57857143
leucine zipper and CTNNBIP1 domain containing,LZIC,0.90319333,0.567116419,1.707537969,0.001307711,1.542236904,0.00196355,163.4,95.69333333,105.95
paired box gene 8,PAX8,0.856019976,0.167375367,1.800426136,9.54E-05,1.541200738,0.002299324,202.8,112.64,131.5857143
"Rab geranylgeranyltransferase, alpha subunit",RABGGTA,0.989412238,0.94420456,1.544377013,0.004192609,1.528025517,0.005951938,108.4461538,70.22,70.97142857
"Homo sapiens, clone IMAGE:3604336, mRNA, partial cds",---,0.983559095,0.895054781,1.551240603,0.001242789,1.525736803,0.004948348,265.5,171.1533333,174.0142857
Homo sapiens transcribed sequence with moderate similarity to protein ref:NP_060312.1 (H.sapiens)  hypothetical protein FLJ20489 [Homo sapiens],---,0.949056112,0.601101543,1.606915848,0.000223941,1.53E+00,0.001442375,264.4769231,164.5866667,173.4214286
Homo sapiens transcribed sequence with moderate similarity to protein ref:NP_060265.1 (H.sapiens)  hypothetical protein FLJ20378 [Homo sapiens],---,1.001396346,0.988934769,1.513546668,0.00440277,1.515660102,0.006640017,550.4769231,363.7,363.1928571
hypothetical protein LOC134218,LOC134218,0.851890212,0.192538101,1.776563011,3.64E-06,1.513436641,0.000782149,208.7461538,117.5,137.9285714
MAX dimerization protein 1,MAD,0.997085294,0.983823728,1.514427257,0.004055671,1.510013148,0.001778298,174.1692308,115.0066667,115.3428571
"excision repair cross-complementing rodent repair deficiency, complementation group 1 (includes overlapping antisense sequence)",ERCC1,0.909435469,0.407284091,1.659247383,0.00068266,1.508978422,0.004491429,557.7615385,336.1533333,369.6285714
"cleavage and polyadenylation specific factor 6, 68kDa",CPSF6,1.087991741,0.594802707,0.611466046,0.006994978,0.665270007,0.007153811,177.9692308,291.0533333,267.5142857
hypothetical protein RP1-317E23,LOC56181,1.197429669,0.097530806,0.55496077,6.47E-05,0.664526491,0.001729424,183.6846154,330.9866667,276.4142857
"immunoglobulin superfamily, member 4",IGSF4,1.030319807,0.77754747,0.644655119,0.000892475,0.664200938,0.000610729,342.7846154,531.7333333,516.0857143
Homo sapiens full length insert cDNA clone ZC19D07,---,1.132146103,0.248520315,0.584388274,0.000495455,0.661612907,0.00323332,192.3923077,329.22,290.7928571
heat shock factor binding protein 1,HSBP1,1.023889395,0.834646559,0.645481547,0.000819749,0.66090171,0.002243352,160.7076923,248.9733333,243.1642857
activated leukocyte cell adhesion molecule,ALCAM,1.188776429,0.181208194,0.554851014,0.000181178,0.659593807,0.005716555,205.7461538,370.8133333,311.9285714
Homo sapiens transcribed sequences,---,1.016548293,0.89481736,0.647353143,0.005559693,0.658065733,0.006802186,130.3769231,201.4,198.1214286
zinc finger protein 325,ZNF325,1.095141122,0.396398713,0.600364029,0.000448698,6.57E-01,2.67E-05,227.8461538,379.5133333,346.5428571
TIA1 cytotoxic granule-associated RNA binding protein,TIA1,1.064187815,0.613800562,0.616875736,0.00318912,0.656471642,0.001146524,199,322.5933333,303.1357143
synovial sarcoma translocation gene on chromosome 18-like 1,SS18L1,1.003040506,0.977558129,0.654012907,0.007218098,0.656001437,0.000658176,413.3230769,631.98,630.0642857
v-ral simian leukemia viral oncogene homolog A (ras related),RALA,1.054178224,0.640786222,0.621931484,0.000952197,0.655626627,0.007105948,151.9461538,244.3133333,231.7571429
mitochondrial ribosomal protein L1,MRPL1,1.036336214,0.771302928,0.632275021,0.001714249,0.655249501,0.000327763,161.3692308,255.22,246.2714286
hypothetical protein LOC92482,LOC92482,1.231777191,0.182215353,0.53124355,0.002232501,0.654373687,0.000605215,260.0153846,489.4466667,397.35
cytoskeleton-associated protein 1,CKAP1,1.042981117,0.75610283,0.626524294,0.00218087,0.653453008,0.00316278,626.9461538,1000.673333,959.4357143
chromosome 14 open reading frame 46,C14orf46,1.083378882,0.585970349,0.602419804,0.002347603,0.652648894,0.005005522,349.6846154,580.4666667,535.7928571
"eukaryotic translation initiation factor 3, subunit 3 gamma, 40kDa",EIF3S3,1.242385177,0.102440394,0.525214091,7.94E-05,0.652518201,0.009718592,511.2153846,973.3466667,783.45
"Dicer1, Dcr-1 homolog (Drosophila)",DICER1,1.245256526,0.043740153,0.523679417,2.11E-05,6.52E-01,1.82E-05,207,395.28,317.4285714
similar to signal peptidase complex (18kD),LOC90701,1.142363439,0.427366761,0.569055151,0.005681217,0.650067799,0.00338057,213.3615385,374.94,328.2142857
THO complex 2,THOC2,0.98790384,0.885673739,0.657960221,0.001387525,0.65000143,0.000101793,412.2076923,626.4933333,634.1642857
KIAA1219 protein,KIAA1219,1.116152092,0.384887685,0.582155535,0.001099876,0.649774118,0.002613907,301.2538462,517.48,463.6285714
formin binding protein 2,FNBP2,1.018347,0.881241406,0.636409009,0.008690926,0.648085205,0.001536839,78.46923077,123.3,121.0785714
"heat shock 70kDa protein 5 (glucose-regulated protein, 78kDa)",HSPA5,1.229548238,0.281095979,0.526784677,0.009587414,0.647707171,0.0066374,272,516.34,419.9428571
"phosphoinositide-3-kinase, regulatory subunit, polypeptide 1 (p85 alpha)",PIK3R1,0.973317074,0.818169853,0.663219286,0.003609422,0.645522655,0.000276275,956.6230769,1442.393333,1481.935714
"aldehyde dehydrogenase 5 family, member A1 (succinate-semialdehyde dehydrogenase)",ALDH5A1,1.073727158,0.599655575,0.599601988,0.002912709,0.643808939,0.008145396,285.5384615,476.2133333,443.5142857
decorin,DCN,1.053701567,0.743226271,0.609884319,0.007902308,0.642636063,0.00794054,127.3153846,208.7533333,198.1142857
BUP protein,BUP,1.014471373,0.898255799,0.633412879,0.001260798,0.642579233,0.003218374,453,715.1733333,704.9714286
"fatty-acid-Coenzyme A ligase, long-chain 6",FACL6,1.000692227,0.995761664,0.63997552,0.004086358,0.640418528,0.002869981,454.2076923,709.7266667,709.2357143
ribosomal protein S8,RPS8,1.040962701,0.726740144,0.614298803,0.00043084,0.639462141,0.00089665,1125.407692,1832.02,1759.928571
synaptotagmin-like 2,SYTL2,1.098315453,0.376882629,0.581773875,2.11E-05,0.638971237,0.00216049,514.3307692,884.0733333,804.9357143
hypothetical protein MGC10120,MGC10120,1.016679486,0.899877237,0.626560977,0.001300932,0.637011693,0.00514958,615.2076923,981.88,965.7714286
KIAA1002 protein,KIAA1002,1.019567034,0.857010726,0.623900566,0.000484595,0.63610845,0.000143828,456.7076923,732.02,717.9714286
"NADH dehydrogenase (ubiquinone) Fe-S protein 1, 75kDa (NADH-coenzyme Q reductase)",NDUFS1,1.039968029,0.801060185,0.611299112,0.009652377,0.635731532,0.007434615,231.0384615,377.9466667,363.4214286
ring finger protein 134,RNF134,0.960414565,0.716634034,0.661089574,0.007649509,0.634920055,0.002842405,76.43076923,115.6133333,120.3785714
androgen-induced 1,AIG1,1.002503875,0.9809141,0.632374914,0.000778512,0.633958302,0.000268835,603.8,954.8133333,952.4285714
prefoldin 2,PFDN2,0.952131343,0.716423484,0.662975799,0.00125209,0.631240038,0.00518134,535.7153846,808.0466667,848.6714286
chromosome 1 open reading frame 27,C1orf27,1.258775711,0.11399887,0.500579557,0.00196703,0.630117388,0.006801486,73.08461538,146,115.9857143
"coatomer protein complex, subunit gamma",COPG,1.153431094,0.427283364,0.54457845,0.00430455,0.628133717,0.009087537,78.93846154,144.9533333,125.6714286
KIAA1389 protein,KIAA1389,1.036146285,0.749816178,0.605530706,0.000481465,0.627418392,0.000314716,151.8307692,250.74,241.9928571
hypothetical protein MGC13033,MGC13033,0.95414517,0.609917618,0.65678369,0.000275241,6.27E-01,5.11E-05,387.8307692,590.5,618.8785714
nuclear receptor interacting protein 3,NRIP3,1.000724131,0.995798104,0.626065319,0.001464071,0.626518673,0.004284236,428.8923077,685.06,684.5642857
hypothetical protein LOC125476,LOC125476,0.948191208,0.607159922,0.659344986,0.00035178,0.625185118,0.001146097,167.4692308,253.9933333,267.8714286
methyl-CpG binding domain protein 4,MBD4,1.053737007,0.631660475,0.591485217,4.92E-05,0.623269862,0.006645659,1196.669231,2023.16,1919.985714
hypothetical protein DKFZP434A0225,DKFZP434A0225,1.11353313,0.331581781,0.559658196,0.000463108,0.623197942,0.000558498,520.9,930.7466667,835.85
phenylalanyl-tRNA synthetase beta-subunit,FRSB,1.182163102,0.217352237,0.527064157,0.000592925,0.623075799,0.001868434,182.6769231,346.5933333,293.1857143
ubiquitin-conjugating enzyme E2 variant 1,UBE2V1,1.077857994,0.620429235,0.577276997,0.003317773,0.622222626,0.007247732,263.4846154,456.4266667,423.4571429
paraspeckle component 1,PSPC1,0.935272693,0.448356695,0.664897764,0.000403707,0.621860722,0.000175752,190.2538462,286.14,305.9428571
"likely ortholog of mouse immediate early response, erythropoietin 4",LEREPO4,0.965655233,0.750121029,0.639168669,0.003669281,6.17E-01,1.02E-05,641.6230769,1003.84,1039.542857
transposon-derived Buster1 transposase-like protein,LOC58486,0.958572101,0.649675237,0.64208029,0.001800487,0.615480253,0.000716425,622.3384615,969.2533333,1011.142857
SOCS box-containing WD protein SWiP-1,WSB1,1.062768122,0.639716671,0.57856475,0.00544362,0.614880172,0.00389055,454.0846154,784.8466667,738.4928571
Homo sapiens transcribed sequences,---,0.925626263,0.513778864,0.663102366,0.003138845,0.613784965,0.000885745,231.4846154,349.0933333,377.1428571
mitochondrial ribosomal protein L16,MRPL16,1.061290497,0.596764574,0.576923077,0.000399359,0.612282979,0.0005324,188.9461538,327.5066667,308.5928571
plastin 3 (T isoform),PLS3,1.110079452,0.497205649,0.549615484,0.003831583,0.610116855,0.00077687,384.5,699.58,630.2071429
hypothetical protein MGC5306,MGC5306,0.934596026,0.483547045,0.652246287,0.002307316,6.10E-01,8.23E-05,379.7769231,582.26,623.0071429
KIAA0152 gene product,KIAA0152,0.958121113,0.656745028,0.633819467,0.00367214,0.607275813,0.002315913,540.2846154,852.4266667,889.6857143
ribosomal protein L23,RPL23,0.922095727,0.503639233,0.655653443,0.007747036,6.05E-01,1.02E-05,638.7769231,974.26,1056.571429
LUC7-like 2 (S. cerevisiae),LUC7L2,0.921692546,0.495344084,0.655557729,0.002126138,0.604222672,0.002757342,206.2384615,314.6,341.3285714
t-complex 1,TCP1,1.093935511,0.57445755,0.551274386,0.003271395,0.603058627,0.009737678,608.5076923,1103.82,1009.035714
hypothetical protein LOC339287,LOC339287,0.979045916,0.874933035,0.61576017,0.000435511,0.602857479,0.002420204,317.8307692,516.16,527.2071429
"praja 2, RING-H2 motif containing",PJA2,1.175068382,0.260818556,0.513008729,0.000251882,0.602820337,0.007670696,1234.692308,2406.766667,2048.192857
hypothetical protein MGC5987,MGC5987,0.999085357,0.993929887,0.60107606,0.001814882,0.60052629,0.001850724,95.04615385,158.1266667,158.2714286
oxidative-stress responsive 1,OSR1,1.054526041,0.697202862,0.564292378,0.002377437,0.595061007,0.002733569,71.65384615,126.98,120.4142857
thyroid hormone receptor interactor 8,TRIP8,0.898245532,0.314034803,0.660713702,0.002103663,0.593483131,0.000277006,362.7538462,549.0333333,611.2285714
KIAA1627 protein,KIAA1627,0.975359449,0.84242544,0.606368113,0.005236093,0.591426868,0.000352563,196.2692308,323.68,331.8571429
zinc finger protein 325,ZNF325,1.042030752,0.646166707,0.565451878,3.07E-06,5.89E-01,3.16E-06,214.0461538,378.54,363.2714286
"electron-transfer-flavoprotein, alpha polypeptide (glutaric aciduria II)",ETFA,0.979038758,0.889562023,0.600573674,0.007584782,0.587984904,0.000633831,137.2230769,228.4866667,233.3785714
"solute carrier family 35, member A5",SLC35A5,1.038002999,0.76313279,0.564870672,0.001028961,5.86E-01,8.64E-05,158.2692308,280.1866667,269.9285714
"ATP synthase, H+ transporting, mitochondrial F0 complex, subunit d",ATP5H,1.016366593,0.925061241,0.574975457,0.007164418,0.584385846,0.006275611,232.7692308,404.8333333,398.3142857
KIAA1393 protein,KIAA1393,0.942057446,0.626785769,0.620234001,0.002252558,5.84E-01,5.54E-05,238.8769231,385.14,408.8285714
"Homo sapiens BTB (POZ) domain containing 5, mRNA (cDNA clone MGC:71647 IMAGE:5295395), complete cds",---,0.943536861,0.651967338,0.615418539,0.006404075,0.580670076,0.000113945,427.9538462,695.3866667,737
chromosome 21 open reading frame 59,C21orf59,1.034795986,0.804852369,0.560900612,0.001397638,0.580417702,0.000363915,169.7846154,302.7,292.5214286
glycosyltransferase AD-017,AD-017,0.932770185,0.609917019,0.621627952,0.006658519,0.57983602,0.003614765,157.8769231,253.9733333,272.2785714
glutamyl-prolyl-tRNA synthetase,EPRS,1.09175601,0.50620561,0.530855972,0.001031775,5.80E-01,4.96E-05,1299.323077,2447.6,2241.892857
transcriptional regulator protein,HCNGP,0.945664184,0.677483128,0.61227979,0.002800095,0.579011068,0.003369952,68.86923077,112.48,118.9428571
multiple PDZ domain protein,MPDZ,0.912442868,0.46119137,0.632708448,0.001398797,0.577310311,0.000631752,301.0384615,475.7933333,521.45
programmed cell death 6,PDCD6,1.094271708,0.534880223,0.526078123,0.000101038,0.575672407,0.004536701,161.6076923,307.1933333,280.7285714
stromal interaction molecule 2,STIM2,0.97184872,0.792937838,0.591817821,0.00021873,0.575157392,0.000585502,89.4,151.06,155.4357143
KIAA0982 protein,KIAA0982,1.098115362,0.585930029,0.522593343,0.002583052,0.573867778,0.004979641,440.3615385,842.6466667,767.3571429
ubiquinol-cytochrome c reductase binding protein,UQCRB,1.015115036,0.914447185,0.564310229,0.000302678,0.572839798,0.001559493,1097.184615,1944.293333,1915.342857
RAN binding protein 2,RANBP2,0.917872711,0.46592613,0.622377622,0.000299571,0.571263436,0.000634462,257.4153846,413.6,450.6071429
tumor rejection antigen (gp96) 1,TRA1,0.999750251,0.998943767,0.571400424,0.007453311,0.571257717,0.009088116,464,812.04,812.2428571
KIAA0205 gene product,KIAA0205,0.863363146,0.202143975,0.659882152,0.002678542,5.70E-01,4.38E-05,235.6923077,357.1733333,413.7
"solute carrier family 38, member 1",SLC38A1,1.133182645,0.491758278,0.50145128,0.004173555,0.568235888,0.004516449,73.62307692,146.82,129.5642857
spindlin,SPIN,0.95479103,0.733658804,0.5950626,0.000998304,0.568160433,0.000633707,148.6307692,249.7733333,261.6
ATP/GTP binding protein 1,AGTPBP1,0.903068934,0.290533101,0.626599975,0.001731658,5.66E-01,1.48E-05,465.4384615,742.8,822.5285714
ADP-ribosylation factor 6,ARF6,1.11491689,0.501277956,0.50746634,0.001358955,0.565782793,0.001444436,564.5461538,1112.48,997.8142857
proteasome regulatory particle subunit p44S10,p44S10,1.099958716,0.569725279,0.514222648,0.002387231,0.565623683,0.003360383,384.9230769,748.5533333,680.5285714
"regulator of G-protein signalling 2, 24kDa",RGS2,1.127527395,0.525906646,0.500615803,0.003648864,0.564458032,0.004882294,449.6230769,898.14,796.5571429
chromosome 20 open reading frame 121,C20orf121,1.014106724,0.909453985,0.556578183,0.000407051,0.564429677,0.000585683,182.6615385,328.1866667,323.6214286
KARP-1-binding protein,KAB,1.089064565,0.645502419,0.517723149,0.008402504,0.563833936,0.005661229,167.6076923,323.74,297.2642857
DC6 protein,DC6,1.002011779,0.990028544,0.562619451,0.007980814,0.563751317,0.002430148,283.9615385,504.7133333,503.7
growth and transformation-dependent protein,E2IG5,1.02961829,0.865478477,0.547243151,0.004746057,0.563451558,0.006158608,323.3769231,590.92,573.9214286
"phosphoribosylglycinamide formyltransferase, phosphoribosylglycinamide synthetase, phosphoribosylaminoimidazole synthetase",GART,0.848177265,0.083704164,0.663959244,0.001554671,0.563155136,0.00027547,92.1,138.7133333,163.5428571
DEAH (Asp-Glu-Ala-His) box polypeptide 36,DHX36,1.101072046,0.270166634,0.511124156,1.79E-07,5.63E-01,1.33E-05,354.1,692.7866667,629.1928571
"succinate-CoA ligase, GDP-forming, alpha subunit",SUCLG1,0.864924043,0.191141204,0.649946313,0.007839648,5.62E-01,7.42E-05,1347.507692,2073.26,2397.042857
"ATPase, H+ transporting, lysosomal accessory protein 2",ATP6AP2,1.274878932,0.229439001,0.440279518,0.001334912,0.561303081,0.009337645,137.7076923,312.7733333,245.3357143
split hand/foot malformation (ectrodactyly) type 1,SHFM1,0.883663813,0.284995067,0.634593508,0.005769642,0.560767319,0.000118267,145.0384615,228.5533333,258.6428571
intracellular membrane-associated calcium-independent phospholipase A2 gamma,IPLA2(GAMMA),1.072473228,0.639405522,0.521905916,0.000719206,0.559730122,0.000326262,274.4076923,525.78,490.25
nuclear autoantigenic sperm protein (histone-binding),NASP,0.954881891,0.779566917,0.585134148,0.00266502,0.558734001,0.006596165,224.2,383.16,401.2642857
hypothetical protein FLJ20274,FLJ20274,0.887267944,0.375732307,0.629326442,0.007717838,0.558381178,0.000421022,687.2076923,1091.973333,1230.714286
basic transcription factor 3,BTF3,1.073721895,0.676144646,0.519416303,0.002632106,0.557708657,0.004255263,932.4769231,1795.24,1671.978571
hypothetical protein DKFZp434C1714,DKFZp434C1714,1.151545838,0.419569473,0.484033634,0.001855765,0.557386917,0.003341107,121.0923077,250.1733333,217.25
CGI-09 protein,CGI-09,0.928457526,0.473458034,0.600164951,0.000595861,5.57E-01,1.54E-05,329.1384615,548.4133333,590.6714286
sorting nexing 24,SNX24,0.870369272,0.201942415,0.639636628,0.001077899,5.57E-01,5.28E-05,201.1230769,314.4333333,361.2642857
"chaperonin containing TCP1, subunit 6A (zeta 1)",CCT6A,0.936931857,0.676376192,0.591500269,0.001289331,0.554195445,0.003589736,424.0307692,716.8733333,765.1285714
"Homo sapiens, clone IMAGE:5295779, mRNA",---,1.167107796,0.369272097,0.474573235,0.00062869,0.553878122,0.005155625,232.2846154,489.46,419.3785714
---,---,0.909134814,0.43937214,0.609124667,0.000304045,0.553776441,0.000292889,539.4692308,885.6466667,974.1642857
hypothetical protein FLJ12760,FLJ12760,1.136315142,0.359498918,0.485662804,7.28E-05,0.551865997,0.005986538,57.63846154,118.68,104.4428571
"solute carrier family 7 (cationic amino acid transporter, y+ system), member 1",SLC7A1,0.974689521,0.872961239,0.565628911,0.007710593,0.551312573,0.000148884,132.3307692,233.9533333,240.0285714
ankyrin repeat and SOCS box-containing 3,ASB3,0.898865118,0.327629073,0.611259113,0.003616777,5.49E-01,5.10E-05,351.1153846,574.4133333,639.0428571
---,---,0.92158886,0.584129703,0.595622041,0.006497901,0.548918637,0.002169631,93.47692308,156.94,170.2928571
importin 7,IPO7,1.053726244,0.73965722,0.520593985,0.000337177,0.548563544,0.005542196,256.8923077,493.46,468.3
zinc finger protein 36 (KOX 18),ZNF36,0.911838226,0.434062017,0.601464828,0.001072923,0.548438622,0.000116113,644.8384615,1072.113333,1175.771429
ataxia telangiectasia and Rad3 related,ATR,1.253729144,0.191459334,0.437069924,0.000919171,0.547967302,0.009885561,123.9384615,283.5666667,226.1785714
rap2 interacting protein x,RIPX,0.899702257,0.418353419,0.607132999,0.005036658,5.46E-01,6.65E-06,205.3,338.1466667,375.8428571
KIAA0319 gene product,KIAA0319,1.100711667,0.37606521,0.495678519,0.000128169,0.545599129,0.000259844,248.4307692,501.1933333,455.3357143
CCAAT-box-binding transcription factor,CBF2,0.874567149,0.254842172,0.621680972,0.000965822,5.44E-01,9.17E-05,231.8538462,372.9466667,426.4357143
splicing factor proline/glutamine rich (polypyrimidine tract binding protein associated),SFPQ,0.932715097,0.569692978,0.579430559,0.000841991,0.54044363,0.000570818,407.9461538,704.0466667,754.8357143
zinc finger protein 198,ZNF198,1.179969183,0.342769452,0.45742192,0.001161243,0.539743769,0.002973629,55.04615385,120.34,101.9857143
Homo sapiens transcribed sequences,---,0.898764227,0.524765688,0.599552018,0.002701788,0.538855906,0.007198352,110.3615385,184.0733333,204.8071429
abhydrolase domain containing 2,ABHD2,0.984801097,0.882326958,0.545902871,4.46E-06,5.38E-01,5.42E-05,270.6076923,495.7066667,503.3571429
NS1-associated protein 1,NSAP1,0.925556856,0.63683839,0.579419667,0.001784667,0.536285845,0.002796523,274.9307692,474.4933333,512.6571429
chromosome 14 open reading frame 163,C14orf163,1.071853713,0.535629404,0.499772619,7.45E-06,5.36E-01,6.97E-05,112.7153846,225.5333333,210.4142857
"collagen, type IX, alpha 3",COL9A3,0.928499631,0.650613106,0.576220664,0.00691661,0.535020674,0.005885319,91.5,158.7933333,171.0214286
ubiquitin specific protease 1,USP1,0.845125487,0.230181986,0.633021616,0.002725786,0.534982701,0.001335042,92.26923077,145.76,172.4714286
"Homo sapiens transcribed sequence with moderate similarity to protein pir:I60307 (E. coli) I60307 beta-galactosidase, alpha peptide - Escherichia coli",---,0.897775634,0.308966792,0.595868223,0.000594606,0.534955972,0.000553836,126.7769231,212.76,236.9857143
DKFZP564O123 protein,DKFZP564O123,0.977499237,0.874995484,0.546886718,0.001277853,0.534581349,0.000430071,162.6769231,297.46,304.3071429
likely homolog of rat kinase D-interacting substance of 220 kDa,KIDINS220,0.966304882,0.833563275,0.553066111,0.002403755,0.534430483,0.001465832,126.9692308,229.5733333,237.5785714
"chaperonin containing TCP1, subunit 2 (beta)",CCT2,1.089221708,0.62737458,0.490021245,0.002113515,0.533741778,0.001417737,55.23846154,112.7266667,103.4928571
anaphase-promoting complex subunit 4,ANAPC4,1.038770349,0.726571147,0.512035361,8.75E-07,0.53188715,0.000109817,128.2,250.3733333,241.0285714
"splicing factor, arginine/serine-rich 2",SFRS2,0.909624277,0.444587998,0.583146852,0.004234626,0.530444534,0.000541821,268.4769231,460.3933333,506.1357143
"RAB2, member RAS oncogene family",RAB2,0.80866375,0.143137485,0.655804279,0.007504171,0.530325148,0.000829178,350.7153846,534.7866667,661.3214286
HIV-1 rev binding protein 2,HRB2,0.846107404,0.159767128,0.626778487,0.00363648,5.30E-01,6.38E-05,111.2615385,177.5133333,209.8
growth and transformation-dependent protein,E2IG5,1.047053755,0.792148239,0.504881191,0.003267374,0.528637747,0.004946732,303.8307692,601.7866667,574.7428571
UBX domain containing 2,UBXD2,0.923455422,0.556909151,0.572154156,0.001514101,5.28E-01,8.45E-05,340.5461538,595.2,644.5357143
hypothetical protein FLJ31564,FLJ31564,0.889935937,0.468184774,0.592822425,0.006965362,0.52757398,0.001063041,504.5076923,851.0266667,956.2785714
cyclin D2,CCND2,0.938124543,0.717017567,0.561380857,0.006621196,0.52664516,0.001469476,250.6153846,446.4266667,475.8714286
nuclear phosphoprotein similar to S. cerevisiae PWP1,PWP1,0.861666469,0.15295412,0.608837475,0.001828088,5.25E-01,1.03E-05,884.8153846,1453.286667,1686.6
hypothetical protein MGC35440,MGC35440,1.061846699,0.708665886,0.493610279,0.0027166,0.524138446,0.000546291,478.6769231,969.7466667,913.2642857
"VAMP (vesicle-associated membrane protein)-associated protein A, 33kDa",VAPA,0.931528454,0.643853098,0.561926938,0.001492152,0.523450933,0.000437794,148.8769231,264.94,284.4142857
hypothetical protein FLJ32029,FLJ32029,1.053627237,0.785311048,0.496476366,0.004718482,0.523101022,0.002335397,958.9076923,1931.426667,1833.121429
"amylase, alpha 1A; salivary",AMY1A,1.057407442,0.710782252,0.494023813,0.001410403,0.522384456,0.000537823,607.4846154,1229.666667,1162.907143
"ATP-binding cassette, sub-family A (ABC1), member 5",ABCA5,0.910103636,0.410841236,0.57366554,0.001264222,5.22E-01,1.81E-06,182.2,317.6066667,348.9785714
PPAR binding protein,PPARBP,1.047203929,0.79418974,0.496699839,0.000269046,0.520146023,0.009689605,54.72307692,110.1733333,105.2071429
similar to RIKEN cDNA 5730528L13 gene,MGC17337,0.939979302,0.559847659,0.553009467,0.002894615,0.519817453,0.003399284,110.0230769,198.9533333,211.6571429
KIAA0252 protein,KIAA0252,0.843737124,0.238822271,0.615014206,0.004215634,0.518910317,0.000255447,292.0538462,474.8733333,562.8214286
Sjogren syndrome antigen B (autoantigen La),SSB,1.176828445,0.091465913,0.44047653,3.09E-08,5.18E-01,2.11E-05,142.6615385,323.88,275.2142857
chromosome 14 open reading frame 24,C14orf24,1.008460699,0.95975625,0.512969845,0.006254791,5.17E-01,3.80E-05,346.4461538,675.3733333,669.7071429
S164 protein,S164,0.831089446,0.103858449,0.620225878,0.001890768,5.15E-01,5.32E-06,222.0615385,358.0333333,430.8
"ATPase, H+ transporting, lysosomal 34kDa, V1 subunit D",ATP6V1D,0.986379446,0.940430856,0.522344256,0.00221047,0.515229637,0.008556307,535.7615385,1025.686667,1039.85
"dynein, cytoplasmic, heavy polypeptide 1",DNCH1,0.907689994,0.593133912,0.563791953,0.005240939,0.511748315,0.007426591,348.4384615,618.0266667,680.8785714
density-regulated protein,DENR,1.052302016,0.773208851,0.486152676,0.000858876,0.51157944,0.002272554,264.0846154,543.2133333,516.2142857
"bone morphogenetic protein receptor, type II (serine/threonine kinase)",BMPR2,0.791687559,0.1123662,0.641151951,0.008593678,0.507592024,0.000310622,65.07692308,101.5,128.2071429
KIAA0776 protein,KIAA0776,0.865167691,0.223541166,0.582007208,0.000575486,5.04E-01,8.59E-06,133.4076923,229.22,264.9428571
translokin,KIAA0092,0.768660014,0.061534307,0.653838007,0.007442026,0.502579132,0.000267014,102.8923077,157.3666667,204.7285714
RNA binding motif protein 9,RBM9,0.819081919,0.060663305,0.613238939,0.001970455,5.02E-01,3.35E-07,1123.715385,1832.426667,2237.171429
"likely ortholog of mouse heat shock protein, 70 kDa 4",HSP70-4,0.79998887,0.1150786,0.626521718,0.002010534,0.501210401,0.00084275,343.1,547.6266667,684.5428571
hypothetical protein FLJ10498,FLJ10498,1.009344914,0.957163743,0.495737661,0.00052321,0.500370287,0.002966219,136.6153846,275.58,273.0285714
---,---,0.814732803,0.09712501,0.609823264,0.002487126,4.97E-01,2.85E-05,337.8461538,554.0066667,679.9857143
chromosome 6 open reading frame 67,C6orf67,0.894279714,0.410236431,0.55451465,0.002701885,4.96E-01,5.90E-05,1050.269231,1894.033333,2117.942857
hypothetical protein LOC284996,LOC284996,0.895594742,0.484965018,0.545732379,0.003450238,0.488755049,0.000107098,160.1615385,293.48,327.6928571
"protease, serine, 25",PRSS25,0.893190774,0.443181523,0.545764999,0.001491777,0.487472261,0.000488678,86.3,158.1266667,177.0357143
TAR (HIV) RNA binding protein 1,TARBP1,0.890813406,0.508752364,0.546364005,0.008325288,0.48670838,0.001232565,263.5769231,482.42,541.55
neurexin 3,NRXN3,0.883756657,0.434501456,0.546033437,0.002587721,0.482560685,0.000619254,752.0846154,1377.36,1558.528571
zinc finger protein 354A,ZNF354A,0.825319324,0.101626641,0.584282047,0.004811054,4.82E-01,8.68E-05,66.87692308,114.46,138.6857143
corneal wound healing-related protein,FLJ21613,1.046865418,0.757115935,0.459549717,5.20E-05,0.481086707,0.000483388,198.3692308,431.66,412.3357143
hypothetical protein FLJ20972,FLJ20972,0.933435669,0.586768111,0.514643046,0.002805486,0.480386176,0.000259799,93.88461538,182.4266667,195.4357143
UDP-glucose ceramide glucosyltransferase-like 2,UGCGL2,0.868269191,0.280567138,0.551490576,0.003048055,0.478842276,0.000117014,195.0769231,353.7266667,407.3928571
DEAD (Asp-Glu-Ala-Asp) box polypeptide 50,DDX50,0.905765364,0.477432383,0.527919383,0.00171366,4.78E-01,9.05E-05,185.1307692,350.68,387.1642857
vesicle docking protein p115,VDP,0.891869237,0.553321091,0.535125206,0.001830883,0.477261709,0.005253728,109.8076923,205.2,230.0785714
KIAA0240 protein,KIAA0240,0.976391476,0.904114136,0.486936628,0.005356195,0.475440773,0.001138633,85.68461538,175.9666667,180.2214286
MDS024 protein,MDS024,0.960557088,0.760067864,0.491104652,0.000402633,4.72E-01,5.84E-05,196.6153846,400.3533333,416.7928571
splicing factor proline/glutamine rich (polypyrimidine tract binding protein associated),SFPQ,0.915764292,0.633265784,0.511036778,0.008286038,0.467989233,0.000324937,195.1615385,381.8933333,417.0214286
"protein kinase, DNA-activated, catalytic polypeptide",PRKDC,0.760910427,0.092366707,0.61467242,0.008995246,0.467710653,0.000170743,105.3384615,171.3733333,225.2214286
KIAA1033 protein,KIAA1033,0.91015551,0.404808818,0.512016785,5.71E-06,4.66E-01,2.47E-05,271.7,530.6466667,583.0285714
"SWI/SNF related, matrix associated, actin dependent regulator of chromatin, subfamily a, member 3",SMARCA3,1.156450701,0.33609882,0.401538325,7.77E-06,0.464359278,0.000525669,271.8923077,677.1266667,585.5214286
KIAA0379 protein,KIAA0379,0.953742312,0.81910468,0.483694197,0.001538541,0.461319622,0.004747356,236.2846154,488.5,512.1928571
S164 protein,S164,0.804061773,0.21251923,0.573381204,0.003372663,0.461033908,0.001284678,142.5846154,248.6733333,309.2714286
myosin VI,MYO6,0.920752557,0.643450601,0.497773392,0.00115838,0.458326124,0.002135233,190.6538462,383.0133333,415.9785714
integrin cytoplasmic domain-associated protein 1,ICAP-1A,0.927381305,0.594281067,0.491623996,0.000263471,0.455922903,0.000250132,208.8615385,424.84,458.1071429
RRS1 ribosome biogenesis regulator homolog (S. cerevisiae),RRS1,1.199921863,0.21534373,0.377322104,0.000312533,0.452757041,0.000261115,82.77692308,219.38,182.8285714
"myosin VA (heavy polypeptide 12, myoxin)",MYO5A,0.963882067,0.876835971,0.464156341,0.009853131,0.447391974,0.004815011,79.37692308,171.0133333,177.4214286
"protein kinase C, iota",PRKCI,0.899044321,0.521563797,0.496789687,0.001228023,0.446635947,0.000247657,184.2692308,370.92,412.5714286
hypothetical protein FLJ10618,FLJ10618,0.960868701,0.821420057,0.464356483,0.001760694,0.446185611,0.000171995,69.46153846,149.5866667,155.6785714
mannose-6-phosphate receptor (cation dependent),M6PR,0.872141905,0.521722688,0.510481289,0.005181591,0.445212124,0.003232945,72.36923077,141.7666667,162.55
arginyl-tRNA synthetase,RARS,0.995119911,0.979760334,0.445113528,0.004123306,0.442941334,0.00027735,126.0769231,283.2466667,284.6357143
hypothetical protein FLJ14153,FLJ14153,0.950174534,0.717229303,0.465379691,0.000732662,4.42E-01,5.43E-07,215.6538462,463.3933333,487.6928571
mitochondrial ribosomal protein S9,MRPS9,0.738500496,0.051025211,0.594198426,0.008748588,0.438815832,0.000128995,236.0076923,397.1866667,537.8285714
---,---,0.687473693,0.031303223,0.633808853,0.006429606,0.435726913,0.000171929,1035.2,1633.3,2375.8
microtubule-associated protein tau,MAPT,0.766988776,0.174385905,0.56799343,0.004164415,0.435644586,0.001108095,283.0538462,498.34,649.7357143
Wiskott-Aldrich syndrome-like,WASL,0.802336353,0.279495022,0.542122058,0.008914222,0.434964235,0.005446969,287.7692308,530.82,661.5928571
phosphoglycerate dehydrogenase like 1,PHGDHL1,0.801661795,0.230307186,0.535120218,0.007218226,0.428985435,0.001456538,75.47692308,141.0466667,175.9428571
cytoskeleton related vitamin A responsive protein,JWA,0.85131622,0.391843465,0.503520484,0.003517347,0.428655155,0.000712219,496.3,985.66,1157.807143
retinoblastoma binding protein 4,RBBP4,1.197613659,0.350418514,0.356351879,0.000486656,0.426771877,0.000241296,87.54615385,245.6733333,205.1357143
ER-resident protein ERdj5,ERdj5,0.69025595,0.007599761,0.617766569,0.00689443,4.26E-01,3.37E-06,67.83076923,109.8,159.0714286
"coronin, actin binding protein, 1C",CORO1C,0.938045864,0.650478,0.449886353,7.52E-05,4.22E-01,7.84E-06,211.9384615,471.0933333,502.2071429
hypothetical protein LOC348531,LOC348531,0.87405227,0.27565018,0.479668871,0.000492027,4.19E-01,6.04E-05,209.5769231,436.92,499.8785714
LUC7-like (S. cerevisiae),LUC7L,0.653092143,0.049180256,0.641426824,0.005553446,0.418910819,0.002267833,303.3692308,472.96,724.1857143
CD2 antigen (cytoplasmic tail) binding protein 2,CD2BP2,1.024935357,0.911033934,0.408240408,0.003818092,0.418420029,0.005383815,44.30769231,108.5333333,105.8928571
single-stranded DNA binding protein,SSBP1,0.874331639,0.473002724,0.47644782,0.004612527,0.416573403,0.000786838,186.7230769,391.9066667,448.2357143
secretory carrier membrane protein 1,SCAMP1,0.769264508,0.090526956,0.541382405,0.005084803,4.16E-01,3.83E-05,1469.492308,2714.333333,3528.478571
"heterogeneous nuclear ribonucleoprotein D (AU-rich element RNA binding protein 1, 37kDa)",HNRPD,0.83240547,0.229259358,0.499271692,0.004609943,4.16E-01,7.34E-06,263.8384615,528.4466667,634.8428571
"pinin, desmosome associated protein",PNN,0.948166732,0.736758403,0.436704,2.31E-05,0.414068205,0.000800136,278.2153846,637.08,671.9071429
hypothetical protein FLJ10618,FLJ10618,0.633780362,0.007040473,0.652986565,0.004959666,4.14E-01,6.97E-05,1190.507692,1823.173333,2876.664286
hypothetical protein LOC129607,LOC129607,0.931029175,0.662304369,0.440398825,0.000249884,4.10E-01,8.34E-05,329.8,748.8666667,804.3428571
zinc finger protein 226,ZNF226,0.698419965,0.071577914,0.586099727,0.000414119,0.409343751,0.001129625,153.2846154,261.5333333,374.4642857
WD repeat domain 17,WDR17,1.016472813,0.908620675,0.4006452,3.27E-05,4.07E-01,4.00E-05,51.26923077,127.9666667,125.8928571
heterogeneous nuclear ribonucleoprotein R,HNRPR,0.801607042,0.201314568,0.507759266,8.27E-05,0.407023403,0.000780875,121.3307692,238.9533333,298.0928571
hypothetical protein dJ465N24.2.1,DJ465N24.2.1,0.867746821,0.456173166,0.463936611,0.007265267,4.03E-01,7.86E-05,125.3,270.08,311.2428571
"opsin 3 (encephalopsin, panopsin)",OPN3,0.676795975,0.012797274,0.594404252,0.007417582,4.02E-01,1.77E-05,309.5538462,520.78,769.4785714
"glutamate receptor, ionotrophic, AMPA 3",GRIA3,0.639406931,0.002219826,0.629134234,0.007384735,4.02E-01,3.66E-06,225.1923077,357.94,559.8
"low density lipoprotein receptor-related protein 8, apolipoprotein e receptor",LRP8,0.662511182,0.00900211,0.605134424,0.008224777,4.01E-01,8.06E-06,113.1076923,186.9133333,282.1285714
paralemmin 2,PALM2,0.732597553,0.119802613,0.546808045,0.002576192,0.400590235,0.000968324,353.3692308,646.24,882.1214286
formin binding protein 3,FNBP3,0.617942495,0.02847292,0.646591211,0.003858867,0.399556186,0.001512777,269.2923077,416.48,673.9785714
"pinin, desmosome associated protein",PNN,0.767229159,0.125975502,0.511368399,0.000994988,0.392336746,0.000250137,563.1461538,1101.253333,1435.364286
oxysterol binding protein-like 8,OSBPL8,0.788901847,0.088305485,0.496697879,0.001657308,3.92E-01,8.27E-09,180,362.3933333,459.3642857
KIAA0650 protein,KIAA0650,0.99852014,0.993032167,0.392183746,1.14E-06,0.391603369,0.002212476,163.5615385,417.0533333,417.6714286
ets variant gene 5 (ets-related molecule),ETV5,0.748377322,0.104872572,0.519267694,0.001242,0.388608166,0.000371297,75.72307692,145.8266667,194.8571429
ARP2 actin-related protein 2 homolog (yeast),ACTR2,0.948665614,0.761537128,0.402128415,0.000549691,3.81E-01,9.00E-05,726.5307692,1806.713333,1904.478571
small acidic protein,SMAP,0.894095993,0.476156396,0.426390802,0.001606877,0.381234308,0.000119324,160.7692308,377.0466667,421.7071429
dual specificity phosphatase 6,DUSP6,0.851698975,0.304105344,0.446801006,0.001201963,3.81E-01,1.32E-06,268.9384615,601.92,706.7285714
tetratricopeptide repeat domain 3,TTC3,0.74402673,0.056128385,0.508999095,0.003765941,3.79E-01,6.78E-06,113.6153846,223.2133333,300.0071429
enhancer of rudimentary homolog (Drosophila),ERH,0.986834712,0.945098679,0.370958372,0.000822064,0.366074599,0.000107393,843.5692308,2274.026667,2304.364286
"eukaryotic translation initiation factor 3, subunit 10 theta, 150/170kDa",EIF3S10,0.85304374,0.067825236,0.426412035,3.03E-06,3.64E-01,8.09E-10,319.6384615,749.6,878.7357143
kinesin family member 3A,KIF3A,0.88921013,0.570076286,0.404713213,0.003651045,3.60E-01,8.31E-05,205.9153846,508.7933333,572.1857143
"solute carrier family 16 (monocarboxylic acid transporters), member 6",SLC16A6,0.721930751,0.013522581,0.49188592,0.000219202,3.55E-01,3.84E-08,180.1384615,366.22,507.2785714
transmembrane protein 14B,TMEM14B,0.709309501,0.061351638,0.499919232,0.004929607,3.55E-01,8.39E-05,158.7076923,317.4666667,447.5714286
dynein 2 light intermediate chain,D2LIC,0.850309082,0.396757906,0.416792133,0.000366144,0.354402136,0.000222484,74.53076923,178.82,210.3
tribbles homolog 2,TRB2,0.733602573,0.054024857,0.457427472,0.001684761,3.36E-01,8.00E-07,99.11538462,216.68,295.3642857
